Name,Peak Value,Reference Value
1aho.LEU.29.dat,mt,mt
1aho.LEU.51.dat,mt,mt
1byi.LEU.102.dat,tp,tp
1byi.LEU.105.dat,mt,mt
1byi.LEU.113.dat,tp,tt
1byi.LEU.124.dat,mt,mt
1byi.LEU.139.dat,mt,mt
1byi.LEU.143.dat,tp,mt
1byi.LEU.149.dat,tp,mt
1byi.LEU.157.dat,mt,mt
1byi.LEU.167.dat,mt,mt
1byi.LEU.169.dat,tp,tp
1byi.LEU.191.dat,mt,mt
1byi.LEU.199.dat,tp,tp
1byi.LEU.200.dat,mt,mt
1byi.LEU.206.dat,mt,mt
1byi.LEU.221.dat,mt,mt
1byi.LEU.223.dat,mt,mt
1byi.LEU.224.dat,tp,tp
1byi.LEU.22.dat,mt,mt
1byi.LEU.23.dat,mt,mt
1byi.LEU.50.dat,mt,mt
1byi.LEU.56.dat,mt,mt
1byi.LEU.58.dat,mt,mt
1byi.LEU.64.dat,mt,mt
1byi.LEU.66.dat,mt,mt
1byi.LEU.96.dat,tp,mt
1oai.LEU.11.dat,tp,tp
1oai.LEU.22.dat,mt,mt
1oai.LEU.29.dat,mt,mt
1oai.LEU.3.dat,mt,mt
1oai.LEU.46.dat,mt,mt
1tqg.LEU.18.dat,mt,mt
1tqg.LEU.21.dat,tp,mt
1tqg.LEU.25.dat,mt,mt
1tqg.LEU.26.dat,mt,
1tqg.LEU.28.dat,mt,
1tqg.LEU.37.dat,mt,mt
1tqg.LEU.45.dat,mt,mt
1tqg.LEU.48.dat,mt,mt
1tqg.LEU.63.dat,tp,tp
1tqg.LEU.67.dat,mt,mt
1tqg.LEU.71.dat,,
1tqg.LEU.7.dat,tp,mt
1tqg.LEU.85.dat,tp,tp
1tqg.LEU.86.dat,mt,mt
1ucs.LEU.10.dat,tp,
1ucs.LEU.17.dat,mt,mt
1ucs.LEU.19.dat,mt,mt
1ucs.LEU.40.dat,mt,mt
1ucs.LEU.51.dat,tp,tp
1ucs.LEU.55.dat,mt,tp
1x6z.LEU.102.dat,mt,mt
1x6z.LEU.13.dat,tp,tp
1x6z.LEU.19.dat,tp,mt
1x6z.LEU.27.dat,mp,mt
1x6z.LEU.49.dat,tp,mt
1x6z.LEU.58.dat,tp,mt
1x6z.LEU.63.dat,tp,tp
1x6z.LEU.76.dat,mt,mt
1x6z.LEU.94.dat,mp,mt
1zzk.LEU.15.dat,tp,mt
1zzk.LEU.44.dat,mt,mt
1zzk.LEU.67.dat,mt,mt
1zzk.LEU.68.dat,mt,mt
2gkg.LEU.110.dat,mt,tp
2gkg.LEU.117.dat,mt,mt
2gkg.LEU.12.dat,mt,tp
2gkg.LEU.16.dat,tp,mt
2gkg.LEU.20.dat,mt,mt
2gkg.LEU.47.dat,tt,tt
2gkg.LEU.4.dat,tp,tp
2gkg.LEU.50.dat,tp,tp
2gkg.LEU.54.dat,mt,mt
2gkg.LEU.62.dat,mt,mt
2gkg.LEU.67.dat,mt,mt
2gkg.LEU.73.dat,mt,mt
2gkg.LEU.93.dat,mt,mt
3f1l.LEU.102.dat,mt,tp
3f1l.LEU.103.dat,tp,tp
3f1l.LEU.10.dat,mt,mt
3f1l.LEU.131.dat,tp,tp
3f1l.LEU.135.dat,mt,mt
3f1l.LEU.136.dat,mt,mt
3f1l.LEU.138.dat,mt,mt
3f1l.LEU.139.dat,mt,mt
3f1l.LEU.140.dat,mt,mt
3f1l.LEU.147.dat,tp,tp
3f1l.LEU.16.dat,tt,tt
3f1l.LEU.179.dat,mt,mt
3f1l.LEU.187.dat,mt,mt
3f1l.LEU.214.dat,mt,mt
3f1l.LEU.223.dat,tp,
3f1l.LEU.225.dat,tp,mt
3f1l.LEU.227.dat,mt,mt
3f1l.LEU.254.dat,tp,tp
3f1l.LEU.255.dat,mt,mt
3f1l.LEU.261.dat,tt,tt
3f1l.LEU.286.dat,mt,mt
3f1l.LEU.287.dat,tp,mp
3f1l.LEU.294.dat,mt,mt
3f1l.LEU.314.dat,tp,tp
3f1l.LEU.316.dat,mt,mp
3f1l.LEU.317.dat,tp,tp
3f1l.LEU.327.dat,tp,tp
3f1l.LEU.338.dat,mt,mt
3f1l.LEU.342.dat,tp,tp
3f1l.LEU.347.dat,tp,tp
3f1l.LEU.348.dat,tp,tp
3f1l.LEU.376.dat,tp,tp
3f1l.LEU.380.dat,mt,mt
3f1l.LEU.381.dat,mt,
3f1l.LEU.383.dat,mt,mt
3f1l.LEU.384.dat,mt,mt
3f1l.LEU.385.dat,mt,mt
3f1l.LEU.392.dat,tp,tp
3f1l.LEU.41.dat,mt,mt
3f1l.LEU.424.dat,mt,mt
3f1l.LEU.42.dat,mt,tp
3f1l.LEU.432.dat,mt,mt
3f1l.LEU.459.dat,mt,
3f1l.LEU.468.dat,tp,tp
3f1l.LEU.470.dat,tp,mt
3f1l.LEU.472.dat,mt,
3f1l.LEU.49.dat,mt,mt
3f1l.LEU.69.dat,tp,tp
3f1l.LEU.71.dat,mt,mt
3f1l.LEU.72.dat,tp,tp
3f1l.LEU.82.dat,tp,tp
3f1l.LEU.93.dat,mt,mt
3f1l.LEU.97.dat,tp,tp
3f1l.LEU.9.dat,tp,tp
3rq9.LEU.103.dat,mt,mt
3rq9.LEU.114.dat,mt,mt
3rq9.LEU.117.dat,tp,mt
3rq9.LEU.118.dat,tp,mt
3rq9.LEU.123.dat,mt,mt
3rq9.LEU.128.dat,mt,mt
3rq9.LEU.136.dat,mt,mt
3rq9.LEU.142.dat,mt,mt
3rq9.LEU.148.dat,mt,mt
3rq9.LEU.155.dat,mt,
3rq9.LEU.21.dat,tp,mt
3rq9.LEU.25.dat,tp,mt
3rq9.LEU.2.dat,mt,mt
3rq9.LEU.36.dat,mt,mt
3rq9.LEU.39.dat,tp,tp
3rq9.LEU.40.dat,tp,mt
3rq9.LEU.45.dat,mt,mt
3rq9.LEU.50.dat,mt,mt
3rq9.LEU.58.dat,mt,mt
3rq9.LEU.64.dat,mt,mt
3rq9.LEU.70.dat,mt,mt
3rq9.LEU.77.dat,mt,mt
3rq9.LEU.7.dat,mt,mt
3rq9.LEU.80.dat,mt,mt
3rq9.LEU.85.dat,mt,mt
3rq9.LEU.99.dat,tp,mt
3vor.LEU.101.dat,mt,mt
3vor.LEU.10.dat,tp,tp
3vor.LEU.110.dat,mt,mt
3vor.LEU.133.dat,mt,mt
3vor.LEU.141.dat,tp,mp
3vor.LEU.150.dat,mt,mt
3vor.LEU.153.dat,mt,mt
3vor.LEU.161.dat,mt,mt
3vor.LEU.167.dat,mt,mt
3vor.LEU.179.dat,mt,mt
3vor.LEU.38.dat,mt,mt
3vor.LEU.40.dat,tp,mt
3vor.LEU.57.dat,mt,mt
3vor.LEU.60.dat,mt,mt
3vor.LEU.63.dat,tp,tp
3vor.LEU.98.dat,mp,mt
3zzp.LEU.19.dat,tp,tp
3zzp.LEU.23.dat,mt,mt
3zzp.LEU.49.dat,mt,mt
3zzp.LEU.53.dat,mt,mt
3zzp.LEU.58.dat,mt,tp
3zzp.LEU.69.dat,mt,mt
4a02.LEU.106.dat,mt,mt
4a02.LEU.21.dat,mt,mt
4a02.LEU.47.dat,tp,mt
4a02.LEU.58.dat,mt,mt
4a02.LEU.76.dat,tp,tp
4a02.LEU.82.dat,mt,mt
4ga2.LEU.102.dat,mt,mt
4ga2.LEU.103.dat,mt,mt
4ga2.LEU.123.dat,mt,mt
4ga2.LEU.133.dat,mt,mt
4ga2.LEU.137.dat,mt,mt
4ga2.LEU.138.dat,mt,mt
4ga2.LEU.34.dat,mt,mt
4ga2.LEU.43.dat,mt,mt
4ga2.LEU.65.dat,tp,tp
4ga2.LEU.67.dat,tp,tp
4ga2.LEU.68.dat,mt,mt
4ga2.LEU.71.dat,mt,mt
4ga2.LEU.88.dat,mt,mt
4ga2.LEU.95.dat,mt,mt
4ga2.LEU.97.dat,tp,tp
4oo4.LEU.104.dat,mt,mt
4oo4.LEU.120.dat,mt,mt
4oo4.LEU.127.dat,tp,tp
4oo4.LEU.150.dat,mt,mt
4oo4.LEU.15.dat,mt,mt
4oo4.LEU.160.dat,mt,mt
4oo4.LEU.202.dat,tp,tp
4oo4.LEU.209.dat,mt,mt
4oo4.LEU.22.dat,tp,tp
4oo4.LEU.45.dat,mt,mt
4oo4.LEU.55.dat,mt,mt
4oo4.LEU.97.dat,tp,tp
4q4g.LEU.121.dat,tp,tp
4q4g.LEU.123.dat,tt,pp
4q4g.LEU.133.dat,mt,mt
4q4g.LEU.143.dat,mt,mt
4q4g.LEU.172.dat,mt,mt
4q4g.LEU.178.dat,tp,tp
4q4g.LEU.185.dat,mt,mt
4q4g.LEU.1.dat,tp,tp
4q4g.LEU.26.dat,mt,mt
4q4g.LEU.44.dat,mt,mt
4q4g.LEU.47.dat,mt,mt
4q4g.LEU.50.dat,tp,tp
4q4g.LEU.6.dat,mt,mt
5lp9.LEU.105.dat,,mp
5lp9.LEU.112.dat,mt,mt
5lp9.LEU.114.dat,mt,mt
5lp9.LEU.125.dat,mt,mt
5lp9.LEU.35.dat,mt,mt
5lp9.LEU.43.dat,mt,mt
5lp9.LEU.59.dat,mt,mt
5lp9.LEU.75.dat,,tp
5lp9.LEU.87.dat,tp,tp
5lp9.LEU.89.dat,mt,mt
6e6o.LEU.18.dat,mt,mt
6l8g.LEU.107.dat,tp,tp
6l8g.LEU.19.dat,mt,mt
6l8g.LEU.26.dat,mt,mt
6l8g.LEU.41.dat,tp,mt
6l8g.LEU.70.dat,mt,mt
6l8g.LEU.71.dat,mt,mt
6l8g.LEU.7.dat,mt,mt
6l8g.LEU.80.dat,mt,mt
6l8g.LEU.89.dat,mt,mt
6l8g.LEU.93.dat,mt,mt
6l8g.LEU.9.dat,mt,mt
